Name,Disk 4,Disk 5,Disk 6,Substats,Final Set Concat,4pc w/ Recommended 2pc Concat,4pc w/ Recommended 2pc_0,4pc w/ Recommended 2pc_1,4pc w/ Recommended 2pc_2,4pc w/ Recommended 2pc_3,4pc w/ All 2pc Concat,4pc w/ All 2pc_0,4pc w/ All 2pc_1,4pc w/ All 2pc_2,4pc w/ All 2pc_3,4pc Concat,4pc_0,4pc_1,4pc_2,4pc_3,Recommended 2pc_0,Recommended 2pc_1,Recommended 2pc_2,Recommended 2pc_3,All 2pc_0,All 2pc_1,All 2pc_2,All 2pc_3
Alice,Anomaly Proficiency > ATK%,PEN Ratio% > Physical DMG% > ATK%,Anomaly Mastery,Anomaly Proficiency > ATK% > PEN > ATK,"=SWITCH('Set+Main'!$L$2, ""Recommended"", INDIRECT(ADDRESS(ROW(), 7)), ""All"", INDIRECT(ADDRESS(ROW(), 12)), ""None"", INDIRECT(ADDRESS(ROW(), 17)))","=TEXTJOIN("", "", TRUE, INDIRECT(ADDRESS(ROW(), COLUMN() + 1)):INDIRECT(ADDRESS(ROW(), COLUMN() + 'Set+Main'!$L$1)))","Fanged Metal, Phaethon's Melody","Hormone Punk, Phaethon's Melody",,,"=TEXTJOIN("", "", TRUE, INDIRECT(ADDRESS(ROW(), COLUMN() + 1)):INDIRECT(ADDRESS(ROW(), COLUMN() + 'Set+Main'!$L$1)))","Fanged Metal, Phaethon's Melody, Puffer Electro, Freedom Blues, Chaos Jazz, Astral Voice","Hormone Punk, Phaethon's Melody, Puffer Electro, Freedom Blues, Chaos Jazz, Fanged Metal, Astral Voice",,,"=TEXTJOIN("", "", TRUE, INDIRECT(ADDRESS(ROW(), COLUMN() + 1)):INDIRECT(ADDRESS(ROW(), COLUMN() + 'Set+Main'!$L$1)))",Fanged Metal,Hormone Punk,,,Phaethon's Melody,Phaethon's Melody,,,"Phaethon's Melody, Puffer Electro, Freedom Blues, Chaos Jazz, Astral Voice","Phaethon's Melody, Puffer Electro, Freedom Blues, Chaos Jazz, Fanged Metal, Astral Voice",,
Anby,CRIT Rate% >= CRIT DMG%,Electric DMG% > ATK%,Impact,CRIT RATE = CRIT DMG > ATK% > PEN = ATK,"=SWITCH('Set+Main'!$L$2, ""Recommended"", INDIRECT(ADDRESS(ROW(), 7)), ""All"", INDIRECT(ADDRESS(ROW(), 12)), ""None"", INDIRECT(ADDRESS(ROW(), 17)))","=TEXTJOIN("", "", TRUE, INDIRECT(ADDRESS(ROW(), COLUMN() + 1)):INDIRECT(ADDRESS(ROW(), COLUMN() + 'Set+Main'!$L$1)))","King of the Summit, Shockstar Disco","Astral Voice, King of the Summit","Proto Punk, King of the Summit","Shockstar Disco, King of the Summit","=TEXTJOIN("", "", TRUE, INDIRECT(ADDRESS(ROW(), COLUMN() + 1)):INDIRECT(ADDRESS(ROW(), COLUMN() + 'Set+Main'!$L$1)))","King of the Summit, Shockstar Disco, Swing Jazz","Astral Voice, King of the Summit, Shockstar Disco, Swing Jazz","Proto Punk, King of the Summit, Shockstar Disco, Swing Jazz","Shockstar Disco, King of the Summit, Swing Jazz","=TEXTJOIN("", "", TRUE, INDIRECT(ADDRESS(ROW(), COLUMN() + 1)):INDIRECT(ADDRESS(ROW(), COLUMN() + 'Set+Main'!$L$1)))",King of the Summit,Astral Voice,Proto Punk,Shockstar Disco,Shockstar Disco,King of the Summit,King of the Summit,King of the Summit,"Shockstar Disco, Swing Jazz","King of the Summit, Shockstar Disco, Swing Jazz","King of the Summit, Shockstar Disco, Swing Jazz","King of the Summit, Swing Jazz"
Anby: Soldier 0,CRIT Rate% >= CRIT DMG%,Electric DMG% > ATK%,ATK%,CRIT RATE = CRIT DMG > ATK% > PEN = ATK,"=SWITCH('Set+Main'!$L$2, ""Recommended"", INDIRECT(ADDRESS(ROW(), 7)), ""All"", INDIRECT(ADDRESS(ROW(), 12)), ""None"", INDIRECT(ADDRESS(ROW(), 17)))","=TEXTJOIN("", "", TRUE, INDIRECT(ADDRESS(ROW(), COLUMN() + 1)):INDIRECT(ADDRESS(ROW(), COLUMN() + 'Set+Main'!$L$1)))","Shadow Harmony, Woodpecker Electro",,,,"=TEXTJOIN("", "", TRUE, INDIRECT(ADDRESS(ROW(), COLUMN() + 1)):INDIRECT(ADDRESS(ROW(), COLUMN() + 'Set+Main'!$L$1)))","Shadow Harmony, Woodpecker Electro, Hormone Punk, Astral Voice, Thunder Metal, Branch & Blade Song, Puffer Electro",,,,"=TEXTJOIN("", "", TRUE, INDIRECT(ADDRESS(ROW(), COLUMN() + 1)):INDIRECT(ADDRESS(ROW(), COLUMN() + 'Set+Main'!$L$1)))",Shadow Harmony,,,,Woodpecker Electro,,,,"Woodpecker Electro, Hormone Punk, Astral Voice, Thunder Metal, Branch & Blade Song, Puffer Electro",,,
Anton,CRIT Rate% >= CRIT DMG%,Electric DMG%,ATK%,CRIT RATE = CRIT DMG > ATK% > PEN = ATK,"=SWITCH('Set+Main'!$L$2, ""Recommended"", INDIRECT(ADDRESS(ROW(), 7)), ""All"", INDIRECT(ADDRESS(ROW(), 12)), ""None"", INDIRECT(ADDRESS(ROW(), 17)))","=TEXTJOIN("", "", TRUE, INDIRECT(ADDRESS(ROW(), COLUMN() + 1)):INDIRECT(ADDRESS(ROW(), COLUMN() + 'Set+Main'!$L$1)))","Thunder Metal, Woodpecker Electro","Puffer Electro, Woodpecker Electro","Woodpecker Electro, Puffer Electro",,"=TEXTJOIN("", "", TRUE, INDIRECT(ADDRESS(ROW(), COLUMN() + 1)):INDIRECT(ADDRESS(ROW(), COLUMN() + 'Set+Main'!$L$1)))","Thunder Metal, Woodpecker Electro, Hormone Punk, Puffer Electro","Puffer Electro, Woodpecker Electro, Hormone Punk, Thunder Metal","Woodpecker Electro, Puffer Electro, Hormone Punk, Thunder Metal",,"=TEXTJOIN("", "", TRUE, INDIRECT(ADDRESS(ROW(), COLUMN() + 1)):INDIRECT(ADDRESS(ROW(), COLUMN() + 'Set+Main'!$L$1)))",Thunder Metal,Puffer Electro,Woodpecker Electro,,Woodpecker Electro,Woodpecker Electro,Puffer Electro,,"Woodpecker Electro, Hormone Punk, Puffer Electro","Woodpecker Electro, Hormone Punk, Thunder Metal","Puffer Electro, Hormone Punk, Thunder Metal",
Astra Yao,ATK%,ATK%,Energy Regen = ATK%,"ATK% > Flat ATK (Top Priorities Until Ability Cap) > CRIT RATE = CRIT DMG > PEN, ATK% > Flat ATK (Top Priorities Until Ability Cap) > Anomaly Proficiency > PEN","=SWITCH('Set+Main'!$L$2, ""Recommended"", INDIRECT(ADDRESS(ROW(), 7)), ""All"", INDIRECT(ADDRESS(ROW(), 12)), ""None"", INDIRECT(ADDRESS(ROW(), 17)))","=TEXTJOIN("", "", TRUE, INDIRECT(ADDRESS(ROW(), COLUMN() + 1)):INDIRECT(ADDRESS(ROW(), COLUMN() + 'Set+Main'!$L$1)))","Astral Voice, Swing Jazz, Moonlight Lullaby","Moonlight Lullaby, Swing Jazz",,,"=TEXTJOIN("", "", TRUE, INDIRECT(ADDRESS(ROW(), COLUMN() + 1)):INDIRECT(ADDRESS(ROW(), COLUMN() + 'Set+Main'!$L$1)))","Astral Voice, Swing Jazz, Moonlight Lullaby, Hormone Punk","Moonlight Lullaby, Swing Jazz, Hormone Punk, Astral Voice",,,"=TEXTJOIN("", "", TRUE, INDIRECT(ADDRESS(ROW(), COLUMN() + 1)):INDIRECT(ADDRESS(ROW(), COLUMN() + 'Set+Main'!$L$1)))",Astral Voice,Moonlight Lullaby,,,"Swing Jazz, Moonlight Lullaby",Swing Jazz,,,"Swing Jazz, Moonlight Lullaby, Hormone Punk","Swing Jazz, Hormone Punk, Astral Voice",,
Banyue,CRIT DMG% > CRIT Rate%,Fire DMG% > HP%,HP%,CRIT Rate = CRIT DMG > HP% > ATK% > Flat HP,"=SWITCH('Set+Main'!$L$2, ""Recommended"", INDIRECT(ADDRESS(ROW(), 7)), ""All"", INDIRECT(ADDRESS(ROW(), 12)), ""None"", INDIRECT(ADDRESS(ROW(), 17)))","=TEXTJOIN("", "", TRUE, INDIRECT(ADDRESS(ROW(), COLUMN() + 1)):INDIRECT(ADDRESS(ROW(), COLUMN() + 'Set+Main'!$L$1)))","Yunkui Tales, Woodpecker Electro",,,,"=TEXTJOIN("", "", TRUE, INDIRECT(ADDRESS(ROW(), COLUMN() + 1)):INDIRECT(ADDRESS(ROW(), COLUMN() + 'Set+Main'!$L$1)))","Yunkui Tales, Woodpecker Electro, Branch & Blade Song",,,,"=TEXTJOIN("", "", TRUE, INDIRECT(ADDRESS(ROW(), COLUMN() + 1)):INDIRECT(ADDRESS(ROW(), COLUMN() + 'Set+Main'!$L$1)))",Yunkui Tales,,,,Woodpecker Electro,,,,"Woodpecker Electro, Branch & Blade Song",,,
Ben,DEF% > CRIT DMG%,DEF% = Fire DMG%,DEF% = Energy Regen,DEF% > CRIT RATE% (Optional) = CRIT DMG% (Optional) > DEF > PEN (Optional),"=SWITCH('Set+Main'!$L$2, ""Recommended"", INDIRECT(ADDRESS(ROW(), 7)), ""All"", INDIRECT(ADDRESS(ROW(), 12)), ""None"", INDIRECT(ADDRESS(ROW(), 17)))","=TEXTJOIN("", "", TRUE, INDIRECT(ADDRESS(ROW(), COLUMN() + 1)):INDIRECT(ADDRESS(ROW(), COLUMN() + 'Set+Main'!$L$1)))","Swing Jazz, Soul Rock","Proto Punk, Swing Jazz","Shockstar Disco, Soul Rock",,"=TEXTJOIN("", "", TRUE, INDIRECT(ADDRESS(ROW(), COLUMN() + 1)):INDIRECT(ADDRESS(ROW(), COLUMN() + 'Set+Main'!$L$1)))","Swing Jazz, Soul Rock, Puffer Electro, Inferno Metal","Proto Punk, Swing Jazz, Shockstar Disco","Shockstar Disco, Soul Rock, Swing Jazz, Freedom Blues, Inferno Metal, Puffer Electro, Hormone Punk",,"=TEXTJOIN("", "", TRUE, INDIRECT(ADDRESS(ROW(), COLUMN() + 1)):INDIRECT(ADDRESS(ROW(), COLUMN() + 'Set+Main'!$L$1)))",Swing Jazz,Proto Punk,Shockstar Disco,,Soul Rock,Swing Jazz,Soul Rock,,"Soul Rock, Puffer Electro, Inferno Metal","Swing Jazz, Shockstar Disco","Soul Rock, Swing Jazz, Freedom Blues, Inferno Metal, Puffer Electro, Hormone Punk",
Billy,CRIT Rate% = CRIT DMG%,Physical DMG% >= ATK%,ATK%,CRIT RATE = CRIT DMG > ATK% > PEN = ATK,"=SWITCH('Set+Main'!$L$2, ""Recommended"", INDIRECT(ADDRESS(ROW(), 7)), ""All"", INDIRECT(ADDRESS(ROW(), 12)), ""None"", INDIRECT(ADDRESS(ROW(), 17)))","=TEXTJOIN("", "", TRUE, INDIRECT(ADDRESS(ROW(), COLUMN() + 1)):INDIRECT(ADDRESS(ROW(), COLUMN() + 'Set+Main'!$L$1)))","Woodpecker Electro, Puffer Electro","Puffer Electro, Woodpecker Electro","Fanged Metal, Woodpecker Electro",,"=TEXTJOIN("", "", TRUE, INDIRECT(ADDRESS(ROW(), COLUMN() + 1)):INDIRECT(ADDRESS(ROW(), COLUMN() + 'Set+Main'!$L$1)))","Woodpecker Electro, Puffer Electro, Hormone Punk, Fanged Metal","Puffer Electro, Woodpecker Electro, Hormone Punk, Fanged Metal","Fanged Metal, Woodpecker Electro, Hormone Punk, Puffer Electro",,"=TEXTJOIN("", "", TRUE, INDIRECT(ADDRESS(ROW(), COLUMN() + 1)):INDIRECT(ADDRESS(ROW(), COLUMN() + 'Set+Main'!$L$1)))",Woodpecker Electro,Puffer Electro,Fanged Metal,,Puffer Electro,Woodpecker Electro,Woodpecker Electro,,"Puffer Electro, Hormone Punk, Fanged Metal","Woodpecker Electro, Hormone Punk, Fanged Metal","Woodpecker Electro, Hormone Punk, Puffer Electro",
Burnice,Anomaly Proficiency,PEN Ratio% >= Fire DMG%,Anomaly Mastery,Anomaly Proficiency > ATK% > PEN > ATK,"=SWITCH('Set+Main'!$L$2, ""Recommended"", INDIRECT(ADDRESS(ROW(), 7)), ""All"", INDIRECT(ADDRESS(ROW(), 12)), ""None"", INDIRECT(ADDRESS(ROW(), 17)))","=TEXTJOIN("", "", TRUE, INDIRECT(ADDRESS(ROW(), COLUMN() + 1)):INDIRECT(ADDRESS(ROW(), COLUMN() + 'Set+Main'!$L$1)))","Chaos Jazz, Puffer Electro",,,,"=TEXTJOIN("", "", TRUE, INDIRECT(ADDRESS(ROW(), COLUMN() + 1)):INDIRECT(ADDRESS(ROW(), COLUMN() + 'Set+Main'!$L$1)))","Chaos Jazz, Puffer Electro, Phaethon's Melody, Freedom Blues, Astral Voice, Hormone Punk, Inferno Metal",,,,"=TEXTJOIN("", "", TRUE, INDIRECT(ADDRESS(ROW(), COLUMN() + 1)):INDIRECT(ADDRESS(ROW(), COLUMN() + 'Set+Main'!$L$1)))",Chaos Jazz,,,,Puffer Electro,,,,"Puffer Electro, Phaethon's Melody, Freedom Blues, Astral Voice, Hormone Punk, Inferno Metal",,,
Caesar,CRIT Rate% = Anomaly Proficiency,Physical DMG% > ATK% = PEN Ratio%,Impact,"CRIT RATE = CRIT DMG > ATK% > PEN = ATK, Anomaly Profiency > ATK% > PEN > ATK","=SWITCH('Set+Main'!$L$2, ""Recommended"", INDIRECT(ADDRESS(ROW(), 7)), ""All"", INDIRECT(ADDRESS(ROW(), 12)), ""None"", INDIRECT(ADDRESS(ROW(), 17)))","=TEXTJOIN("", "", TRUE, INDIRECT(ADDRESS(ROW(), COLUMN() + 1)):INDIRECT(ADDRESS(ROW(), COLUMN() + 'Set+Main'!$L$1)))","Astral Voice, Shockstar Disco","Proto Punk, Shockstar Disco","Freedom Blues, Shockstar Disco",,"=TEXTJOIN("", "", TRUE, INDIRECT(ADDRESS(ROW(), COLUMN() + 1)):INDIRECT(ADDRESS(ROW(), COLUMN() + 'Set+Main'!$L$1)))","Astral Voice, Shockstar Disco, King of the Summit, Proto Punk","Proto Punk, Shockstar Disco, King of the Summit","Freedom Blues, Shockstar Disco, King of the Summit, Proto Punk",,"=TEXTJOIN("", "", TRUE, INDIRECT(ADDRESS(ROW(), COLUMN() + 1)):INDIRECT(ADDRESS(ROW(), COLUMN() + 'Set+Main'!$L$1)))",Astral Voice,Proto Punk,Freedom Blues,,Shockstar Disco,Shockstar Disco,Shockstar Disco,,"Shockstar Disco, King of the Summit, Proto Punk","Shockstar Disco, King of the Summit","Shockstar Disco, King of the Summit, Proto Punk",
Corin,CRIT Rate%,PEN Ratio% > ATK% = Physical DMG%,ATK%,CRIT RATE = CRIT DMG > ATK% > PEN = ATK,"=SWITCH('Set+Main'!$L$2, ""Recommended"", INDIRECT(ADDRESS(ROW(), 7)), ""All"", INDIRECT(ADDRESS(ROW(), 12)), ""None"", INDIRECT(ADDRESS(ROW(), 17)))","=TEXTJOIN("", "", TRUE, INDIRECT(ADDRESS(ROW(), COLUMN() + 1)):INDIRECT(ADDRESS(ROW(), COLUMN() + 'Set+Main'!$L$1)))","Puffer Electro, Woodpecker Electro","Hormone Punk, Woodpecker Electro",,,"=TEXTJOIN("", "", TRUE, INDIRECT(ADDRESS(ROW(), COLUMN() + 1)):INDIRECT(ADDRESS(ROW(), COLUMN() + 'Set+Main'!$L$1)))","Puffer Electro, Woodpecker Electro, Branch & Blade Song, Fanged Metal, Astral Voice, Hormone Punk","Hormone Punk, Woodpecker Electro, Branch & Blade Song, Fanged Metal, Astral Voice",,,"=TEXTJOIN("", "", TRUE, INDIRECT(ADDRESS(ROW(), COLUMN() + 1)):INDIRECT(ADDRESS(ROW(), COLUMN() + 'Set+Main'!$L$1)))",Puffer Electro,Hormone Punk,,,Woodpecker Electro,Woodpecker Electro,,,"Woodpecker Electro, Branch & Blade Song, Fanged Metal, Astral Voice, Hormone Punk","Woodpecker Electro, Branch & Blade Song, Fanged Metal, Astral Voice",,
Dialyn,CRIT Rate%,ATK% >= Physical DMG% = PEN Ratio%,Energy Regen,CRIT RATE (until 100%) > CRIT DMG = ATK% > PEN > ATK,"=SWITCH('Set+Main'!$L$2, ""Recommended"", INDIRECT(ADDRESS(ROW(), 7)), ""All"", INDIRECT(ADDRESS(ROW(), 12)), ""None"", INDIRECT(ADDRESS(ROW(), 17)))","=TEXTJOIN("", "", TRUE, INDIRECT(ADDRESS(ROW(), COLUMN() + 1)):INDIRECT(ADDRESS(ROW(), COLUMN() + 'Set+Main'!$L$1)))","King of the Summit, Woodpecker Electro",,,,"=TEXTJOIN("", "", TRUE, INDIRECT(ADDRESS(ROW(), COLUMN() + 1)):INDIRECT(ADDRESS(ROW(), COLUMN() + 'Set+Main'!$L$1)))","King of the Summit, Woodpecker Electro, Swing Jazz",,,,"=TEXTJOIN("", "", TRUE, INDIRECT(ADDRESS(ROW(), COLUMN() + 1)):INDIRECT(ADDRESS(ROW(), COLUMN() + 'Set+Main'!$L$1)))",King of the Summit,,,,Woodpecker Electro,,,,"Woodpecker Electro, Swing Jazz",,,
Ellen,CRIT DMG%,PEN Ratio% > Ice DMG%,ATK%,CRIT DMG >= CRIT Rate > ATK% > PEN = ATK,"=SWITCH('Set+Main'!$L$2, ""Recommended"", INDIRECT(ADDRESS(ROW(), 7)), ""All"", INDIRECT(ADDRESS(ROW(), 12)), ""None"", INDIRECT(ADDRESS(ROW(), 17)))","=TEXTJOIN("", "", TRUE, INDIRECT(ADDRESS(ROW(), COLUMN() + 1)):INDIRECT(ADDRESS(ROW(), COLUMN() + 'Set+Main'!$L$1)))","Puffer Electro, Woodpecker Electro","Woodpecker Electro, Puffer Electro","Shadow Harmony, Puffer Electro",,"=TEXTJOIN("", "", TRUE, INDIRECT(ADDRESS(ROW(), COLUMN() + 1)):INDIRECT(ADDRESS(ROW(), COLUMN() + 'Set+Main'!$L$1)))","Puffer Electro, Woodpecker Electro, Polar Metal, Branch & Blade Song, Astral Voice, Hormone Punk","Woodpecker Electro, Puffer Electro, Polar Metal, Branch & Blade Song, Astral Voice, Hormone Punk","Shadow Harmony, Puffer Electro, Woodpecker Electro, Branch & Blade Song, Astral Voice, Hormone Punk",,"=TEXTJOIN("", "", TRUE, INDIRECT(ADDRESS(ROW(), COLUMN() + 1)):INDIRECT(ADDRESS(ROW(), COLUMN() + 'Set+Main'!$L$1)))",Puffer Electro,Woodpecker Electro,Shadow Harmony,,Woodpecker Electro,Puffer Electro,Puffer Electro,,"Woodpecker Electro, Polar Metal, Branch & Blade Song, Astral Voice, Hormone Punk","Puffer Electro, Polar Metal, Branch & Blade Song, Astral Voice, Hormone Punk","Puffer Electro, Woodpecker Electro, Branch & Blade Song, Astral Voice, Hormone Punk",
Evelyn,CRIT DMG% > CRIT Rate%,PEN Ratio% > Fire DMG%,ATK%,CRIT RATE (Until 75% in stat screen) > CRIT DMG > ATK% > PEN = ATK,"=SWITCH('Set+Main'!$L$2, ""Recommended"", INDIRECT(ADDRESS(ROW(), 7)), ""All"", INDIRECT(ADDRESS(ROW(), 12)), ""None"", INDIRECT(ADDRESS(ROW(), 17)))","=TEXTJOIN("", "", TRUE, INDIRECT(ADDRESS(ROW(), COLUMN() + 1)):INDIRECT(ADDRESS(ROW(), COLUMN() + 'Set+Main'!$L$1)))",,,,,"=TEXTJOIN("", "", TRUE, INDIRECT(ADDRESS(ROW(), COLUMN() + 1)):INDIRECT(ADDRESS(ROW(), COLUMN() + 'Set+Main'!$L$1)))",,,,,"=TEXTJOIN("", "", TRUE, INDIRECT(ADDRESS(ROW(), COLUMN() + 1)):INDIRECT(ADDRESS(ROW(), COLUMN() + 'Set+Main'!$L$1)))",Hormone Punk,Puffer Electro,Astral Voice,,,,,,,,,
Grace,Anomaly Proficiency > ATK%,PEN Ratio% > Electric DMG% >= ATK%,Anomaly Mastery,Anomaly Proficiency > ATK% > PEN > ATK,"=SWITCH('Set+Main'!$L$2, ""Recommended"", INDIRECT(ADDRESS(ROW(), 7)), ""All"", INDIRECT(ADDRESS(ROW(), 12)), ""None"", INDIRECT(ADDRESS(ROW(), 17)))","=TEXTJOIN("", "", TRUE, INDIRECT(ADDRESS(ROW(), COLUMN() + 1)):INDIRECT(ADDRESS(ROW(), COLUMN() + 'Set+Main'!$L$1)))","Thunder Metal, Puffer Electro","Chaos Jazz, Puffer Electro",,,"=TEXTJOIN("", "", TRUE, INDIRECT(ADDRESS(ROW(), COLUMN() + 1)):INDIRECT(ADDRESS(ROW(), COLUMN() + 'Set+Main'!$L$1)))","Thunder Metal, Puffer Electro, Phaethon's Melody, Freedom Blues, Astral Voice, Hormone Punk","Chaos Jazz, Puffer Electro, Phaethon's Melody, Freedom Blues, Astral Voice, Hormone Punk",,,"=TEXTJOIN("", "", TRUE, INDIRECT(ADDRESS(ROW(), COLUMN() + 1)):INDIRECT(ADDRESS(ROW(), COLUMN() + 'Set+Main'!$L$1)))",Thunder Metal,Chaos Jazz,,,Puffer Electro,Puffer Electro,,,"Puffer Electro, Phaethon's Melody, Freedom Blues, Astral Voice, Hormone Punk","Puffer Electro, Phaethon's Melody, Freedom Blues, Astral Voice, Hormone Punk",,
Harumasa,CRIT DMG% >= CRIT Rate%,Electric DMG% >= ATK%,ATK%,CRIT DMG = CRIT Rate = ATK% > PEN = ATK,"=SWITCH('Set+Main'!$L$2, ""Recommended"", INDIRECT(ADDRESS(ROW(), 7)), ""All"", INDIRECT(ADDRESS(ROW(), 12)), ""None"", INDIRECT(ADDRESS(ROW(), 17)))","=TEXTJOIN("", "", TRUE, INDIRECT(ADDRESS(ROW(), COLUMN() + 1)):INDIRECT(ADDRESS(ROW(), COLUMN() + 'Set+Main'!$L$1)))","Thunder Metal, Woodpecker Electro","Woodpecker Electro, Thunder Metal",,,"=TEXTJOIN("", "", TRUE, INDIRECT(ADDRESS(ROW(), COLUMN() + 1)):INDIRECT(ADDRESS(ROW(), COLUMN() + 'Set+Main'!$L$1)))","Thunder Metal, Woodpecker Electro, Hormone Punk, Astral Voice, Branch & Blade Song, Puffer Electro","Woodpecker Electro, Thunder Metal, Hormone Punk, Astral Voice, Branch & Blade Song, Puffer Electro",,,"=TEXTJOIN("", "", TRUE, INDIRECT(ADDRESS(ROW(), COLUMN() + 1)):INDIRECT(ADDRESS(ROW(), COLUMN() + 'Set+Main'!$L$1)))",Thunder Metal,Woodpecker Electro,,,Woodpecker Electro,Thunder Metal,,,"Woodpecker Electro, Hormone Punk, Astral Voice, Branch & Blade Song, Puffer Electro","Thunder Metal, Hormone Punk, Astral Voice, Branch & Blade Song, Puffer Electro",,
Hugo,CRIT DMG% > CRIT Rate%,Ice DMG% > ATK% = PEN Ratio%,ATK%,CRIT Rate > CRIT DMG > ATK% > Flat ATK > PEN,"=SWITCH('Set+Main'!$L$2, ""Recommended"", INDIRECT(ADDRESS(ROW(), 7)), ""All"", INDIRECT(ADDRESS(ROW(), 12)), ""None"", INDIRECT(ADDRESS(ROW(), 17)))","=TEXTJOIN("", "", TRUE, INDIRECT(ADDRESS(ROW(), COLUMN() + 1)):INDIRECT(ADDRESS(ROW(), COLUMN() + 'Set+Main'!$L$1)))","Hormone Punk, Polar Metal","Puffer Electro, Polar Metal",,,"=TEXTJOIN("", "", TRUE, INDIRECT(ADDRESS(ROW(), COLUMN() + 1)):INDIRECT(ADDRESS(ROW(), COLUMN() + 'Set+Main'!$L$1)))","Hormone Punk, Polar Metal, Woodpecker Electro, Puffer Electro, Astral Voice, Branch & Blade Song","Puffer Electro, Polar Metal, Woodpecker Electro, Hormone Punk, Astral Voice, Branch & Blade Song",,,"=TEXTJOIN("", "", TRUE, INDIRECT(ADDRESS(ROW(), COLUMN() + 1)):INDIRECT(ADDRESS(ROW(), COLUMN() + 'Set+Main'!$L$1)))",Hormone Punk,Puffer Electro,,,Polar Metal,Polar Metal,,,"Polar Metal, Woodpecker Electro, Puffer Electro, Astral Voice, Branch & Blade Song","Polar Metal, Woodpecker Electro, Hormone Punk, Astral Voice, Branch & Blade Song",,
Jane Doe,Anomaly Proficiency,PEN Ratio% > Physical DMG% > ATK%,Anomaly Mastery,Anomaly Proficiency > ATK% > PEN = ATK,"=SWITCH('Set+Main'!$L$2, ""Recommended"", INDIRECT(ADDRESS(ROW(), 7)), ""All"", INDIRECT(ADDRESS(ROW(), 12)), ""None"", INDIRECT(ADDRESS(ROW(), 17)))","=TEXTJOIN("", "", TRUE, INDIRECT(ADDRESS(ROW(), COLUMN() + 1)):INDIRECT(ADDRESS(ROW(), COLUMN() + 'Set+Main'!$L$1)))","Fanged Metal, Phaethon's Melody",,,,"=TEXTJOIN("", "", TRUE, INDIRECT(ADDRESS(ROW(), COLUMN() + 1)):INDIRECT(ADDRESS(ROW(), COLUMN() + 'Set+Main'!$L$1)))","Fanged Metal, Phaethon's Melody, Puffer Electro, Freedom Blues, Chaos Jazz, Astral Voice, Hormone Punk",,,,"=TEXTJOIN("", "", TRUE, INDIRECT(ADDRESS(ROW(), COLUMN() + 1)):INDIRECT(ADDRESS(ROW(), COLUMN() + 'Set+Main'!$L$1)))",Fanged Metal,,,,Phaethon's Melody,,,,"Phaethon's Melody, Puffer Electro, Freedom Blues, Chaos Jazz, Astral Voice, Hormone Punk",,,
Ju Fufu,CRIT Rate% = ATK%,ATK%,Impact = ATK%,CRIT Rate (until 50% if using 4P King) > ATK/Flat ATK (until max. 3400) > CRIT DMG > PEN,"=SWITCH('Set+Main'!$L$2, ""Recommended"", INDIRECT(ADDRESS(ROW(), 7)), ""All"", INDIRECT(ADDRESS(ROW(), 12)), ""None"", INDIRECT(ADDRESS(ROW(), 17)))","=TEXTJOIN("", "", TRUE, INDIRECT(ADDRESS(ROW(), COLUMN() + 1)):INDIRECT(ADDRESS(ROW(), COLUMN() + 'Set+Main'!$L$1)))","King of the Summit, Shockstar Disco","Swing Jazz, King of the Summit","Proto Punk, King of the Summit","Shockstar Disco, King of the Summit","=TEXTJOIN("", "", TRUE, INDIRECT(ADDRESS(ROW(), COLUMN() + 1)):INDIRECT(ADDRESS(ROW(), COLUMN() + 'Set+Main'!$L$1)))","King of the Summit, Shockstar Disco, Woodpecker Electro, Astral Voice, Hormone Punk, Swing Jazz","Swing Jazz, King of the Summit, Shockstar Disco, Astral Voice, Hormone Punk","Proto Punk, King of the Summit, Astral Voice, Hormone Punk, Swing Jazz","Shockstar Disco, King of the Summit, Astral Voice, Hormone Punk, Swing Jazz","=TEXTJOIN("", "", TRUE, INDIRECT(ADDRESS(ROW(), COLUMN() + 1)):INDIRECT(ADDRESS(ROW(), COLUMN() + 'Set+Main'!$L$1)))",King of the Summit,Swing Jazz,Proto Punk,Shockstar Disco,Shockstar Disco,King of the Summit,King of the Summit,King of the Summit,"Shockstar Disco, Woodpecker Electro, Astral Voice, Hormone Punk, Swing Jazz","King of the Summit, Shockstar Disco, Astral Voice, Hormone Punk","King of the Summit, Astral Voice, Hormone Punk, Swing Jazz","King of the Summit, Astral Voice, Hormone Punk, Swing Jazz"
Koleda,CRIT Rate% >= CRIT DMG%,Fire DMG% > ATK%,Impact,CRIT RATE > CRIT DMG > ATK% > PEN = ATK,"=SWITCH('Set+Main'!$L$2, ""Recommended"", INDIRECT(ADDRESS(ROW(), 7)), ""All"", INDIRECT(ADDRESS(ROW(), 12)), ""None"", INDIRECT(ADDRESS(ROW(), 17)))","=TEXTJOIN("", "", TRUE, INDIRECT(ADDRESS(ROW(), COLUMN() + 1)):INDIRECT(ADDRESS(ROW(), COLUMN() + 'Set+Main'!$L$1)))","King of the Summit, Shockstar Disco","Astral Voice, King of the Summit","Proto Punk, King of the Summit","Shockstar Disco, King of the Summit","=TEXTJOIN("", "", TRUE, INDIRECT(ADDRESS(ROW(), COLUMN() + 1)):INDIRECT(ADDRESS(ROW(), COLUMN() + 'Set+Main'!$L$1)))","King of the Summit, Shockstar Disco, Swing Jazz","Astral Voice, King of the Summit, Shockstar Disco, Swing Jazz","Proto Punk, King of the Summit, Shockstar Disco, Swing Jazz","Shockstar Disco, King of the Summit, Swing Jazz","=TEXTJOIN("", "", TRUE, INDIRECT(ADDRESS(ROW(), COLUMN() + 1)):INDIRECT(ADDRESS(ROW(), COLUMN() + 'Set+Main'!$L$1)))",King of the Summit,Astral Voice,Proto Punk,Shockstar Disco,Shockstar Disco,King of the Summit,King of the Summit,King of the Summit,"Shockstar Disco, Swing Jazz","King of the Summit, Shockstar Disco, Swing Jazz","King of the Summit, Shockstar Disco, Swing Jazz","King of the Summit, Swing Jazz"
Lighter,CRIT Rate% >= CRIT DMG%,ATK% = Fire DMG% = PEN Ratio%,Impact,CRIT RATE > CRIT DMG > ATK% > PEN = ATK,"=SWITCH('Set+Main'!$L$2, ""Recommended"", INDIRECT(ADDRESS(ROW(), 7)), ""All"", INDIRECT(ADDRESS(ROW(), 12)), ""None"", INDIRECT(ADDRESS(ROW(), 17)))","=TEXTJOIN("", "", TRUE, INDIRECT(ADDRESS(ROW(), COLUMN() + 1)):INDIRECT(ADDRESS(ROW(), COLUMN() + 'Set+Main'!$L$1)))","King of the Summit, Shockstar Disco","Astral Voice, King of the Summit","Proto Punk, King of the Summit","Shockstar Disco, King of the Summit","=TEXTJOIN("", "", TRUE, INDIRECT(ADDRESS(ROW(), COLUMN() + 1)):INDIRECT(ADDRESS(ROW(), COLUMN() + 'Set+Main'!$L$1)))","King of the Summit, Shockstar Disco, Swing Jazz","Astral Voice, King of the Summit, Shockstar Disco, Swing Jazz","Proto Punk, King of the Summit, Shockstar Disco, Swing Jazz","Shockstar Disco, King of the Summit, Swing Jazz","=TEXTJOIN("", "", TRUE, INDIRECT(ADDRESS(ROW(), COLUMN() + 1)):INDIRECT(ADDRESS(ROW(), COLUMN() + 'Set+Main'!$L$1)))",King of the Summit,Astral Voice,Proto Punk,Shockstar Disco,Shockstar Disco,King of the Summit,King of the Summit,King of the Summit,"Shockstar Disco, Swing Jazz","King of the Summit, Shockstar Disco, Swing Jazz","King of the Summit, Shockstar Disco, Swing Jazz","King of the Summit, Swing Jazz"
Lucia,HP%,HP%,HP%,HP% > HP > CRIT Rate >= CRIT DMG,"=SWITCH('Set+Main'!$L$2, ""Recommended"", INDIRECT(ADDRESS(ROW(), 7)), ""All"", INDIRECT(ADDRESS(ROW(), 12)), ""None"", INDIRECT(ADDRESS(ROW(), 17)))","=TEXTJOIN("", "", TRUE, INDIRECT(ADDRESS(ROW(), COLUMN() + 1)):INDIRECT(ADDRESS(ROW(), COLUMN() + 'Set+Main'!$L$1)))","Moonlight Lullaby, Yunkui Tales",,,,"=TEXTJOIN("", "", TRUE, INDIRECT(ADDRESS(ROW(), COLUMN() + 1)):INDIRECT(ADDRESS(ROW(), COLUMN() + 'Set+Main'!$L$1)))","Moonlight Lullaby, Yunkui Tales",,,,"=TEXTJOIN("", "", TRUE, INDIRECT(ADDRESS(ROW(), COLUMN() + 1)):INDIRECT(ADDRESS(ROW(), COLUMN() + 'Set+Main'!$L$1)))",Moonlight Lullaby,,,,Yunkui Tales,,,,Yunkui Tales,,,
Lucy,ATK% > CRIT Rate%,ATK%,Energy Regen = ATK%,ATK% (top priority until ability cap) = CRIT RATE = CRIT DMG > PEN = ATK,"=SWITCH('Set+Main'!$L$2, ""Recommended"", INDIRECT(ADDRESS(ROW(), 7)), ""All"", INDIRECT(ADDRESS(ROW(), 12)), ""None"", INDIRECT(ADDRESS(ROW(), 17)))","=TEXTJOIN("", "", TRUE, INDIRECT(ADDRESS(ROW(), COLUMN() + 1)):INDIRECT(ADDRESS(ROW(), COLUMN() + 'Set+Main'!$L$1)))","Moonlight Lullaby, Puffer Electro","Astral Voice, Puffer Electro","Swing Jazz, Puffer Electro",,"=TEXTJOIN("", "", TRUE, INDIRECT(ADDRESS(ROW(), COLUMN() + 1)):INDIRECT(ADDRESS(ROW(), COLUMN() + 'Set+Main'!$L$1)))","Moonlight Lullaby, Puffer Electro, Astral Voice, Hormone Punk, Phaethon's Melody, Chaos Jazz, Fanged Metal","Astral Voice, Puffer Electro, Hormone Punk, Phaethon's Melody, Chaos Jazz, Fanged Metal","Swing Jazz, Puffer Electro, Astral Voice, Hormone Punk, Phaethon's Melody, Chaos Jazz, Fanged Metal",,"=TEXTJOIN("", "", TRUE, INDIRECT(ADDRESS(ROW(), COLUMN() + 1)):INDIRECT(ADDRESS(ROW(), COLUMN() + 'Set+Main'!$L$1)))",Moonlight Lullaby,Astral Voice,Swing Jazz,,Puffer Electro,Puffer Electro,Puffer Electro,,"Puffer Electro, Astral Voice, Hormone Punk, Phaethon's Melody, Chaos Jazz, Fanged Metal","Puffer Electro, Hormone Punk, Phaethon's Melody, Chaos Jazz, Fanged Metal","Puffer Electro, Astral Voice, Hormone Punk, Phaethon's Melody, Chaos Jazz, Fanged Metal",
Lycaon,CRIT Rate% >= CRIT DMG%,Ice DMG% > ATK%,Impact,CRIT RATE = CRIT DMG > ATK% > PEN = ATK,"=SWITCH('Set+Main'!$L$2, ""Recommended"", INDIRECT(ADDRESS(ROW(), 7)), ""All"", INDIRECT(ADDRESS(ROW(), 12)), ""None"", INDIRECT(ADDRESS(ROW(), 17)))","=TEXTJOIN("", "", TRUE, INDIRECT(ADDRESS(ROW(), COLUMN() + 1)):INDIRECT(ADDRESS(ROW(), COLUMN() + 'Set+Main'!$L$1)))","King of the Summit, Shockstar Disco","Astral Voice, King of the Summit","Proto Punk, King of the Summit","Shockstar Disco, King of the Summit","=TEXTJOIN("", "", TRUE, INDIRECT(ADDRESS(ROW(), COLUMN() + 1)):INDIRECT(ADDRESS(ROW(), COLUMN() + 'Set+Main'!$L$1)))","King of the Summit, Shockstar Disco, Swing Jazz","Astral Voice, King of the Summit, Shockstar Disco, Swing Jazz","Proto Punk, King of the Summit, Shockstar Disco, Swing Jazz","Shockstar Disco, King of the Summit, Swing Jazz","=TEXTJOIN("", "", TRUE, INDIRECT(ADDRESS(ROW(), COLUMN() + 1)):INDIRECT(ADDRESS(ROW(), COLUMN() + 'Set+Main'!$L$1)))",King of the Summit,Astral Voice,Proto Punk,Shockstar Disco,Shockstar Disco,King of the Summit,King of the Summit,King of the Summit,"Shockstar Disco, Swing Jazz","King of the Summit, Shockstar Disco, Swing Jazz","King of the Summit, Shockstar Disco, Swing Jazz","King of the Summit, Swing Jazz"
Manato,CRIT Rate% = CRIT DMG%,Fire DMG% > HP%,HP%,CRIT Rate = CRIT DMG > HP% > HP > ATK% > ATK,"=SWITCH('Set+Main'!$L$2, ""Recommended"", INDIRECT(ADDRESS(ROW(), 7)), ""All"", INDIRECT(ADDRESS(ROW(), 12)), ""None"", INDIRECT(ADDRESS(ROW(), 17)))","=TEXTJOIN("", "", TRUE, INDIRECT(ADDRESS(ROW(), COLUMN() + 1)):INDIRECT(ADDRESS(ROW(), COLUMN() + 'Set+Main'!$L$1)))","Yunkui Tales, Woodpecker Electro",,,,"=TEXTJOIN("", "", TRUE, INDIRECT(ADDRESS(ROW(), COLUMN() + 1)):INDIRECT(ADDRESS(ROW(), COLUMN() + 'Set+Main'!$L$1)))","Yunkui Tales, Woodpecker Electro, Branch & Blade Song, Astral Voice, Hormone Punk",,,,"=TEXTJOIN("", "", TRUE, INDIRECT(ADDRESS(ROW(), COLUMN() + 1)):INDIRECT(ADDRESS(ROW(), COLUMN() + 'Set+Main'!$L$1)))",Yunkui Tales,,,,Woodpecker Electro,,,,"Woodpecker Electro, Branch & Blade Song, Astral Voice, Hormone Punk",,,
Miyabi,CRIT Rate% >= ATK%,Ice DMG% = ATK%,ATK%,CRIT RATE (Until 80%) >= CRIT DMG = ATK% > Anomaly Proficiency = ATK = PEN,"=SWITCH('Set+Main'!$L$2, ""Recommended"", INDIRECT(ADDRESS(ROW(), 7)), ""All"", INDIRECT(ADDRESS(ROW(), 12)), ""None"", INDIRECT(ADDRESS(ROW(), 17)))","=TEXTJOIN("", "", TRUE, INDIRECT(ADDRESS(ROW(), COLUMN() + 1)):INDIRECT(ADDRESS(ROW(), COLUMN() + 'Set+Main'!$L$1)))","Branch & Blade Song, Polar Metal","Woodpecker Electro, Polar Metal","Polar Metal, Woodpecker Electro",,"=TEXTJOIN("", "", TRUE, INDIRECT(ADDRESS(ROW(), COLUMN() + 1)):INDIRECT(ADDRESS(ROW(), COLUMN() + 'Set+Main'!$L$1)))","Branch & Blade Song, Polar Metal, Astral Voice, Hormone Punk, Puffer Electro, Woodpecker Electro","Woodpecker Electro, Polar Metal, Astral Voice, Hormone Punk, Puffer Electro, Branch & Blade Song","Polar Metal, Woodpecker Electro, Astral Voice, Hormone Punk, Branch & Blade Song, Puffer Electro",,"=TEXTJOIN("", "", TRUE, INDIRECT(ADDRESS(ROW(), COLUMN() + 1)):INDIRECT(ADDRESS(ROW(), COLUMN() + 'Set+Main'!$L$1)))",Branch & Blade Song,Woodpecker Electro,Polar Metal,,Polar Metal,Polar Metal,Woodpecker Electro,,"Polar Metal, Astral Voice, Hormone Punk, Puffer Electro, Woodpecker Electro","Polar Metal, Astral Voice, Hormone Punk, Puffer Electro, Branch & Blade Song","Woodpecker Electro, Astral Voice, Hormone Punk, Branch & Blade Song, Puffer Electro",
Nekomata,CRIT Rate% = CRIT DMG%,PEN Ratio% >= Physical DMG% = ATK%,ATK%,CRIT RATE = CRIT DMG > ATK% > PEN = ATK,"=SWITCH('Set+Main'!$L$2, ""Recommended"", INDIRECT(ADDRESS(ROW(), 7)), ""All"", INDIRECT(ADDRESS(ROW(), 12)), ""None"", INDIRECT(ADDRESS(ROW(), 17)))","=TEXTJOIN("", "", TRUE, INDIRECT(ADDRESS(ROW(), COLUMN() + 1)):INDIRECT(ADDRESS(ROW(), COLUMN() + 'Set+Main'!$L$1)))","Puffer Electro, Woodpecker Electro","Woodpecker Electro, Puffer Electro",,,"=TEXTJOIN("", "", TRUE, INDIRECT(ADDRESS(ROW(), COLUMN() + 1)):INDIRECT(ADDRESS(ROW(), COLUMN() + 'Set+Main'!$L$1)))","Puffer Electro, Woodpecker Electro, Branch & Blade Song, Fanged Metal, Astral Voice, Hormone Punk","Woodpecker Electro, Puffer Electro, Branch & Blade Song, Fanged Metal, Astral Voice, Hormone Punk",,,"=TEXTJOIN("", "", TRUE, INDIRECT(ADDRESS(ROW(), COLUMN() + 1)):INDIRECT(ADDRESS(ROW(), COLUMN() + 'Set+Main'!$L$1)))",Puffer Electro,Woodpecker Electro,,,Woodpecker Electro,Puffer Electro,,,"Woodpecker Electro, Branch & Blade Song, Fanged Metal, Astral Voice, Hormone Punk","Puffer Electro, Branch & Blade Song, Fanged Metal, Astral Voice, Hormone Punk",,
Nicole,ATK% = Anomaly Proficiency,Ether DMG% > ATK%,Energy Regen = ATK%,Anomaly Proficiency = ATK% > PEN = FLAT ATK,"=SWITCH('Set+Main'!$L$2, ""Recommended"", INDIRECT(ADDRESS(ROW(), 7)), ""All"", INDIRECT(ADDRESS(ROW(), 12)), ""None"", INDIRECT(ADDRESS(ROW(), 17)))","=TEXTJOIN("", "", TRUE, INDIRECT(ADDRESS(ROW(), COLUMN() + 1)):INDIRECT(ADDRESS(ROW(), COLUMN() + 'Set+Main'!$L$1)))","Moonlight Lullaby, Phaethon's Melody","Astral Voice, Phaethon's Melody","Swing Jazz, Phaethon's Melody",,"=TEXTJOIN("", "", TRUE, INDIRECT(ADDRESS(ROW(), COLUMN() + 1)):INDIRECT(ADDRESS(ROW(), COLUMN() + 'Set+Main'!$L$1)))","Moonlight Lullaby, Phaethon's Melody, Astral Voice, Hormone Punk, Chaos Jazz, Freedom Blues","Astral Voice, Phaethon's Melody, Hormone Punk, Chaos Jazz, Freedom Blues","Swing Jazz, Phaethon's Melody, Astral Voice, Hormone Punk, Chaos Jazz, Freedom Blues",,"=TEXTJOIN("", "", TRUE, INDIRECT(ADDRESS(ROW(), COLUMN() + 1)):INDIRECT(ADDRESS(ROW(), COLUMN() + 'Set+Main'!$L$1)))",Moonlight Lullaby,Astral Voice,Swing Jazz,,Phaethon's Melody,Phaethon's Melody,Phaethon's Melody,,"Phaethon's Melody, Astral Voice, Hormone Punk, Chaos Jazz, Freedom Blues","Phaethon's Melody, Hormone Punk, Chaos Jazz, Freedom Blues","Phaethon's Melody, Astral Voice, Hormone Punk, Chaos Jazz, Freedom Blues",
Orphie & Magus,CRIT DMG% = CRIT Rate%,Fire DMG% >= ATK%,Energy Regen >= ATK%,CRIT DMG = CRIT Rate > ATK% > PEN > ATK,"=SWITCH('Set+Main'!$L$2, ""Recommended"", INDIRECT(ADDRESS(ROW(), 7)), ""All"", INDIRECT(ADDRESS(ROW(), 12)), ""None"", INDIRECT(ADDRESS(ROW(), 17)))","=TEXTJOIN("", "", TRUE, INDIRECT(ADDRESS(ROW(), COLUMN() + 1)):INDIRECT(ADDRESS(ROW(), COLUMN() + 'Set+Main'!$L$1)))","Shadow Harmony, Swing Jazz","Astral Voice, Swing Jazz",,,"=TEXTJOIN("", "", TRUE, INDIRECT(ADDRESS(ROW(), COLUMN() + 1)):INDIRECT(ADDRESS(ROW(), COLUMN() + 'Set+Main'!$L$1)))","Shadow Harmony, Swing Jazz, Moonlight Lullaby","Astral Voice, Swing Jazz, Moonlight Lullaby",,,"=TEXTJOIN("", "", TRUE, INDIRECT(ADDRESS(ROW(), COLUMN() + 1)):INDIRECT(ADDRESS(ROW(), COLUMN() + 'Set+Main'!$L$1)))",Shadow Harmony,Astral Voice,,,Swing Jazz,Swing Jazz,,,"Swing Jazz, Moonlight Lullaby","Swing Jazz, Moonlight Lullaby",,
Pan Yinhu,CRIT Rate% = CRIT DMG% > ATK%,Physical DMG% > ATK%,ATK%,ATK%/Flat ATK (until 3000 ATK) > CRIT Rate = CRIT DMG > PEN,"=SWITCH('Set+Main'!$L$2, ""Recommended"", INDIRECT(ADDRESS(ROW(), 7)), ""All"", INDIRECT(ADDRESS(ROW(), 12)), ""None"", INDIRECT(ADDRESS(ROW(), 17)))","=TEXTJOIN("", "", TRUE, INDIRECT(ADDRESS(ROW(), COLUMN() + 1)):INDIRECT(ADDRESS(ROW(), COLUMN() + 'Set+Main'!$L$1)))","Astral Voice, Hormone Punk","Proto Punk, Hormone Punk","Swing Jazz, Hormone Punk",,"=TEXTJOIN("", "", TRUE, INDIRECT(ADDRESS(ROW(), COLUMN() + 1)):INDIRECT(ADDRESS(ROW(), COLUMN() + 'Set+Main'!$L$1)))","Astral Voice, Hormone Punk, Swing Jazz, Fanged Metal","Proto Punk, Hormone Punk, Swing Jazz, Fanged Metal","Swing Jazz, Hormone Punk, Fanged Metal",,"=TEXTJOIN("", "", TRUE, INDIRECT(ADDRESS(ROW(), COLUMN() + 1)):INDIRECT(ADDRESS(ROW(), COLUMN() + 'Set+Main'!$L$1)))",Astral Voice,Proto Punk,Swing Jazz,,Hormone Punk,Hormone Punk,Hormone Punk,,"Hormone Punk, Swing Jazz, Fanged Metal","Hormone Punk, Swing Jazz, Fanged Metal","Hormone Punk, Fanged Metal",
Piper,Anomaly Proficiency,PEN Ratio% = ATK% = Physical DMG%,Anomaly Mastery,Anomaly Proficiency > ATK% > PEN = ATK,"=SWITCH('Set+Main'!$L$2, ""Recommended"", INDIRECT(ADDRESS(ROW(), 7)), ""All"", INDIRECT(ADDRESS(ROW(), 12)), ""None"", INDIRECT(ADDRESS(ROW(), 17)))","=TEXTJOIN("", "", TRUE, INDIRECT(ADDRESS(ROW(), COLUMN() + 1)):INDIRECT(ADDRESS(ROW(), COLUMN() + 'Set+Main'!$L$1)))","Fanged Metal, Phaethon's Melody",,,,"=TEXTJOIN("", "", TRUE, INDIRECT(ADDRESS(ROW(), COLUMN() + 1)):INDIRECT(ADDRESS(ROW(), COLUMN() + 'Set+Main'!$L$1)))","Fanged Metal, Phaethon's Melody, Puffer Electro, Chaos Jazz, Freedom Blues, Astral Voice, Hormone Punk",,,,"=TEXTJOIN("", "", TRUE, INDIRECT(ADDRESS(ROW(), COLUMN() + 1)):INDIRECT(ADDRESS(ROW(), COLUMN() + 'Set+Main'!$L$1)))",Fanged Metal,,,,Phaethon's Melody,,,,"Phaethon's Melody, Puffer Electro, Chaos Jazz, Freedom Blues, Astral Voice, Hormone Punk",,,
Pulchra,"CRIT Rate% >= CRIT DMG%, Anomaly Proficiency",ATK% = Physical DMG%,Impact,"CRIT RATE = CRIT DMG > ATK% > PEN = ATK, Anomaly Profiency > ATK% > PEN > ATK","=SWITCH('Set+Main'!$L$2, ""Recommended"", INDIRECT(ADDRESS(ROW(), 7)), ""All"", INDIRECT(ADDRESS(ROW(), 12)), ""None"", INDIRECT(ADDRESS(ROW(), 17)))","=TEXTJOIN("", "", TRUE, INDIRECT(ADDRESS(ROW(), COLUMN() + 1)):INDIRECT(ADDRESS(ROW(), COLUMN() + 'Set+Main'!$L$1)))","King of the Summit, Shockstar Disco","Astral Voice, King of the Summit","Proto Punk, King of the Summit","Shockstar Disco, King of the Summit","=TEXTJOIN("", "", TRUE, INDIRECT(ADDRESS(ROW(), COLUMN() + 1)):INDIRECT(ADDRESS(ROW(), COLUMN() + 'Set+Main'!$L$1)))","King of the Summit, Shockstar Disco, Swing Jazz","Astral Voice, King of the Summit, Shockstar Disco, Swing Jazz","Proto Punk, King of the Summit, Shockstar Disco, Swing Jazz","Shockstar Disco, King of the Summit, Swing Jazz","=TEXTJOIN("", "", TRUE, INDIRECT(ADDRESS(ROW(), COLUMN() + 1)):INDIRECT(ADDRESS(ROW(), COLUMN() + 'Set+Main'!$L$1)))",King of the Summit,Astral Voice,Proto Punk,Shockstar Disco,Shockstar Disco,King of the Summit,King of the Summit,King of the Summit,"Shockstar Disco, Swing Jazz","King of the Summit, Shockstar Disco, Swing Jazz","King of the Summit, Shockstar Disco, Swing Jazz","King of the Summit, Swing Jazz"
Qingyi,CRIT Rate% >= CRIT DMG%,Electric DMG% > ATK%,Impact,CRIT RATE > CRIT DMG > ATK% > PEN = ATK,"=SWITCH('Set+Main'!$L$2, ""Recommended"", INDIRECT(ADDRESS(ROW(), 7)), ""All"", INDIRECT(ADDRESS(ROW(), 12)), ""None"", INDIRECT(ADDRESS(ROW(), 17)))","=TEXTJOIN("", "", TRUE, INDIRECT(ADDRESS(ROW(), COLUMN() + 1)):INDIRECT(ADDRESS(ROW(), COLUMN() + 'Set+Main'!$L$1)))","King of the Summit, Shockstar Disco","Astral Voice, King of the Summit","Proto Punk, King of the Summit","Shockstar Disco, King of the Summit","=TEXTJOIN("", "", TRUE, INDIRECT(ADDRESS(ROW(), COLUMN() + 1)):INDIRECT(ADDRESS(ROW(), COLUMN() + 'Set+Main'!$L$1)))","King of the Summit, Shockstar Disco, Swing Jazz","Astral Voice, King of the Summit, Shockstar Disco, Swing Jazz","Proto Punk, King of the Summit, Shockstar Disco, Swing Jazz","Shockstar Disco, King of the Summit, Swing Jazz","=TEXTJOIN("", "", TRUE, INDIRECT(ADDRESS(ROW(), COLUMN() + 1)):INDIRECT(ADDRESS(ROW(), COLUMN() + 'Set+Main'!$L$1)))",King of the Summit,Astral Voice,Proto Punk,Shockstar Disco,Shockstar Disco,King of the Summit,King of the Summit,King of the Summit,"Shockstar Disco, Swing Jazz","King of the Summit, Shockstar Disco, Swing Jazz","King of the Summit, Shockstar Disco, Swing Jazz","King of the Summit, Swing Jazz"
Rina,ATK% = Anomaly Proficiency,PEN Ratio%,Energy Regen >= ATK%,Anomaly Proficiency > ATK% > PEN = FLAT ATK,"=SWITCH('Set+Main'!$L$2, ""Recommended"", INDIRECT(ADDRESS(ROW(), 7)), ""All"", INDIRECT(ADDRESS(ROW(), 12)), ""None"", INDIRECT(ADDRESS(ROW(), 17)))","=TEXTJOIN("", "", TRUE, INDIRECT(ADDRESS(ROW(), COLUMN() + 1)):INDIRECT(ADDRESS(ROW(), COLUMN() + 'Set+Main'!$L$1)))","Moonlight Lullaby, Puffer Electro","Astral Voice, Puffer Electro","Swing Jazz, Puffer Electro",,"=TEXTJOIN("", "", TRUE, INDIRECT(ADDRESS(ROW(), COLUMN() + 1)):INDIRECT(ADDRESS(ROW(), COLUMN() + 'Set+Main'!$L$1)))","Moonlight Lullaby, Puffer Electro, Astral Voice, Hormone Punk, Thunder Metal","Astral Voice, Puffer Electro, Hormone Punk, Thunder Metal","Swing Jazz, Puffer Electro, Astral Voice, Hormone Punk, Thunder Metal",,"=TEXTJOIN("", "", TRUE, INDIRECT(ADDRESS(ROW(), COLUMN() + 1)):INDIRECT(ADDRESS(ROW(), COLUMN() + 'Set+Main'!$L$1)))",Moonlight Lullaby,Astral Voice,Swing Jazz,,Puffer Electro,Puffer Electro,Puffer Electro,,"Puffer Electro, Astral Voice, Hormone Punk, Thunder Metal","Puffer Electro, Hormone Punk, Thunder Metal","Puffer Electro, Astral Voice, Hormone Punk, Thunder Metal",
Seed,CRIT DMG% > CRIT Rate%,PEN Ratio% >= ATK% = Electric DMG%,ATK%,CRIT DMG = CRIT Rate > ATK% > PEN > ATK,"=SWITCH('Set+Main'!$L$2, ""Recommended"", INDIRECT(ADDRESS(ROW(), 7)), ""All"", INDIRECT(ADDRESS(ROW(), 12)), ""None"", INDIRECT(ADDRESS(ROW(), 17)))","=TEXTJOIN("", "", TRUE, INDIRECT(ADDRESS(ROW(), COLUMN() + 1)):INDIRECT(ADDRESS(ROW(), COLUMN() + 'Set+Main'!$L$1)))","Dawn's Bloom, Woodpecker Electro","Woodpecker Electro, Branch & Blade Song","Hormone Punk, Woodpecker Electro",,"=TEXTJOIN("", "", TRUE, INDIRECT(ADDRESS(ROW(), COLUMN() + 1)):INDIRECT(ADDRESS(ROW(), COLUMN() + 'Set+Main'!$L$1)))","Dawn's Bloom, Woodpecker Electro, Branch & Blade Song, Puffer Electro, Thunder Metal, Astral Voice, Hormone Punk","Woodpecker Electro, Branch & Blade Song, Puffer Electro, Dawn's Bloom, Thunder Metal, Astral Voice, Hormone Punk","Hormone Punk, Woodpecker Electro, Branch & Blade Song, Dawn's Bloom, Puffer Electro, Thunder Metal",,"=TEXTJOIN("", "", TRUE, INDIRECT(ADDRESS(ROW(), COLUMN() + 1)):INDIRECT(ADDRESS(ROW(), COLUMN() + 'Set+Main'!$L$1)))",Dawn's Bloom,Woodpecker Electro,Hormone Punk,,Woodpecker Electro,Branch & Blade Song,Woodpecker Electro,,"Woodpecker Electro, Branch & Blade Song, Puffer Electro, Thunder Metal, Astral Voice, Hormone Punk","Branch & Blade Song, Puffer Electro, Dawn's Bloom, Thunder Metal, Astral Voice, Hormone Punk","Woodpecker Electro, Branch & Blade Song, Dawn's Bloom, Puffer Electro, Thunder Metal",
Seth,ATK% >= Anomaly Proficiency,ATK% >= Electric DMG%,Energy Regen = Anomaly Mastery,ATK% > Anomaly Proficiency > ATK > PEN,"=SWITCH('Set+Main'!$L$2, ""Recommended"", INDIRECT(ADDRESS(ROW(), 7)), ""All"", INDIRECT(ADDRESS(ROW(), 12)), ""None"", INDIRECT(ADDRESS(ROW(), 17)))","=TEXTJOIN("", "", TRUE, INDIRECT(ADDRESS(ROW(), COLUMN() + 1)):INDIRECT(ADDRESS(ROW(), COLUMN() + 'Set+Main'!$L$1)))","Astral Voice, Swing Jazz","Swing Jazz, Hormone Punk, Proto Punk","Proto Punk, Swing Jazz","Freedom Blues, Swing Jazz","=TEXTJOIN("", "", TRUE, INDIRECT(ADDRESS(ROW(), COLUMN() + 1)):INDIRECT(ADDRESS(ROW(), COLUMN() + 'Set+Main'!$L$1)))","Astral Voice, Swing Jazz, Freedom Blues, Chaos Jazz","Swing Jazz, Hormone Punk, Proto Punk, Shockstar Disco","Proto Punk, Swing Jazz, Hormone Punk, Shockstar Disco","Freedom Blues, Swing Jazz, Hormone Punk, Shockstar Disco","=TEXTJOIN("", "", TRUE, INDIRECT(ADDRESS(ROW(), COLUMN() + 1)):INDIRECT(ADDRESS(ROW(), COLUMN() + 'Set+Main'!$L$1)))",Astral Voice,Swing Jazz,Proto Punk,Freedom Blues,Swing Jazz,"Hormone Punk, Proto Punk",Swing Jazz,Swing Jazz,"Swing Jazz, Freedom Blues, Chaos Jazz","Hormone Punk, Proto Punk, Shockstar Disco","Swing Jazz, Hormone Punk, Shockstar Disco","Swing Jazz, Hormone Punk, Shockstar Disco"
Soldier 11,CRIT Rate% >= ATK% >= CRIT DMG%,PEN Ratio% >= ATK% > Fire DMG%,ATK%,CRIT RATE = CRIT DMG > ATK% > Anomaly Proficiency > PEN > ATK,"=SWITCH('Set+Main'!$L$2, ""Recommended"", INDIRECT(ADDRESS(ROW(), 7)), ""All"", INDIRECT(ADDRESS(ROW(), 12)), ""None"", INDIRECT(ADDRESS(ROW(), 17)))","=TEXTJOIN("", "", TRUE, INDIRECT(ADDRESS(ROW(), COLUMN() + 1)):INDIRECT(ADDRESS(ROW(), COLUMN() + 'Set+Main'!$L$1)))","Puffer Electro, Woodpecker Electro","Woodpecker Electro, Puffer Electro","Dawn's Bloom, Woodpecker Electro",,"=TEXTJOIN("", "", TRUE, INDIRECT(ADDRESS(ROW(), COLUMN() + 1)):INDIRECT(ADDRESS(ROW(), COLUMN() + 'Set+Main'!$L$1)))","Puffer Electro, Woodpecker Electro, Astral Voice, Hormone Punk, Branch & Blade Song, Inferno Metal, Dawn's Bloom","Woodpecker Electro, Puffer Electro, Inferno Metal, Branch & Blade Song, Astral Voice, Hormone Punk, Dawn's Bloom","Dawn's Bloom, Woodpecker Electro, Astral Voice, Hormone Punk, Branch & Blade Song, Inferno Metal, Puffer Electro",,"=TEXTJOIN("", "", TRUE, INDIRECT(ADDRESS(ROW(), COLUMN() + 1)):INDIRECT(ADDRESS(ROW(), COLUMN() + 'Set+Main'!$L$1)))",Puffer Electro,Woodpecker Electro,Dawn's Bloom,,Woodpecker Electro,Puffer Electro,Woodpecker Electro,,"Woodpecker Electro, Astral Voice, Hormone Punk, Branch & Blade Song, Inferno Metal, Dawn's Bloom","Puffer Electro, Inferno Metal, Branch & Blade Song, Astral Voice, Hormone Punk, Dawn's Bloom","Woodpecker Electro, Astral Voice, Hormone Punk, Branch & Blade Song, Inferno Metal, Puffer Electro",
Soukaku,ATK% > CRIT Rate%,ATK% > Ice DMG%,Energy Regen = ATK%,ATK% (top priority until ability cap) = CRIT RATE = CRIT DMG > PEN = ATK,"=SWITCH('Set+Main'!$L$2, ""Recommended"", INDIRECT(ADDRESS(ROW(), 7)), ""All"", INDIRECT(ADDRESS(ROW(), 12)), ""None"", INDIRECT(ADDRESS(ROW(), 17)))","=TEXTJOIN("", "", TRUE, INDIRECT(ADDRESS(ROW(), COLUMN() + 1)):INDIRECT(ADDRESS(ROW(), COLUMN() + 'Set+Main'!$L$1)))","Freedom Blues, Phaethon's Melody","Moonlight Lullaby, Phaethon's Melody","Astral Voice, Phaethon's Melody",,"=TEXTJOIN("", "", TRUE, INDIRECT(ADDRESS(ROW(), COLUMN() + 1)):INDIRECT(ADDRESS(ROW(), COLUMN() + 'Set+Main'!$L$1)))","Freedom Blues, Phaethon's Melody, Astral Voice, Hormone Punk, Chaos Jazz","Moonlight Lullaby, Phaethon's Melody, Astral Voice, Hormone Punk, Chaos Jazz, Freedom Blues","Astral Voice, Phaethon's Melody, Hormone Punk, Chaos Jazz, Freedom Blues",,"=TEXTJOIN("", "", TRUE, INDIRECT(ADDRESS(ROW(), COLUMN() + 1)):INDIRECT(ADDRESS(ROW(), COLUMN() + 'Set+Main'!$L$1)))",Freedom Blues,Moonlight Lullaby,Astral Voice,,Phaethon's Melody,Phaethon's Melody,Phaethon's Melody,,"Phaethon's Melody, Astral Voice, Hormone Punk, Chaos Jazz","Phaethon's Melody, Astral Voice, Hormone Punk, Chaos Jazz, Freedom Blues","Phaethon's Melody, Hormone Punk, Chaos Jazz, Freedom Blues",
Trigger,CRIT Rate%,Electric DMG% > ATK%,Impact,CRIT RATE >= CRIT DMG > ATK% > PEN = ATK,"=SWITCH('Set+Main'!$L$2, ""Recommended"", INDIRECT(ADDRESS(ROW(), 7)), ""All"", INDIRECT(ADDRESS(ROW(), 12)), ""None"", INDIRECT(ADDRESS(ROW(), 17)))","=TEXTJOIN("", "", TRUE, INDIRECT(ADDRESS(ROW(), COLUMN() + 1)):INDIRECT(ADDRESS(ROW(), COLUMN() + 'Set+Main'!$L$1)))","King of the Summit, Shockstar Disco","Astral Voice, King of the Summit","Proto Punk, King of the Summit","Shockstar Disco, King of the Summit","=TEXTJOIN("", "", TRUE, INDIRECT(ADDRESS(ROW(), COLUMN() + 1)):INDIRECT(ADDRESS(ROW(), COLUMN() + 'Set+Main'!$L$1)))","King of the Summit, Shockstar Disco, Swing Jazz","Astral Voice, King of the Summit, Shockstar Disco, Swing Jazz","Proto Punk, King of the Summit, Shockstar Disco, Swing Jazz","Shockstar Disco, King of the Summit, Swing Jazz","=TEXTJOIN("", "", TRUE, INDIRECT(ADDRESS(ROW(), COLUMN() + 1)):INDIRECT(ADDRESS(ROW(), COLUMN() + 'Set+Main'!$L$1)))",King of the Summit,Astral Voice,Proto Punk,Shockstar Disco,Shockstar Disco,King of the Summit,King of the Summit,King of the Summit,"Shockstar Disco, Swing Jazz","King of the Summit, Shockstar Disco, Swing Jazz","King of the Summit, Shockstar Disco, Swing Jazz","King of the Summit, Swing Jazz"
Vivian,Anomaly Proficiency,Ether DMG% > PEN Ratio% = ATK%,Anomaly Mastery,Anomaly Proficiency >>> ATK% > ATK = PEN,"=SWITCH('Set+Main'!$L$2, ""Recommended"", INDIRECT(ADDRESS(ROW(), 7)), ""All"", INDIRECT(ADDRESS(ROW(), 12)), ""None"", INDIRECT(ADDRESS(ROW(), 17)))","=TEXTJOIN("", "", TRUE, INDIRECT(ADDRESS(ROW(), COLUMN() + 1)):INDIRECT(ADDRESS(ROW(), COLUMN() + 'Set+Main'!$L$1)))","Phaethon's Melody, Chaos Jazz, Freedom Blues",,,,"=TEXTJOIN("", "", TRUE, INDIRECT(ADDRESS(ROW(), COLUMN() + 1)):INDIRECT(ADDRESS(ROW(), COLUMN() + 'Set+Main'!$L$1)))","Phaethon's Melody, Chaos Jazz, Freedom Blues, Chaotic Metal, Astral Voice, Hormone Punk, Puffer Electro",,,,"=TEXTJOIN("", "", TRUE, INDIRECT(ADDRESS(ROW(), COLUMN() + 1)):INDIRECT(ADDRESS(ROW(), COLUMN() + 'Set+Main'!$L$1)))",Phaethon's Melody,,,,"Chaos Jazz, Freedom Blues",,,,"Chaos Jazz, Freedom Blues, Chaotic Metal, Astral Voice, Hormone Punk, Puffer Electro",,,
Yanagi,Anomaly Proficiency,PEN Ratio% >= Electric DMG% > ATK%,Anomaly Mastery > ATK%,Anomaly Proficiency > ATK% > PEN = ATK,"=SWITCH('Set+Main'!$L$2, ""Recommended"", INDIRECT(ADDRESS(ROW(), 7)), ""All"", INDIRECT(ADDRESS(ROW(), 12)), ""None"", INDIRECT(ADDRESS(ROW(), 17)))","=TEXTJOIN("", "", TRUE, INDIRECT(ADDRESS(ROW(), COLUMN() + 1)):INDIRECT(ADDRESS(ROW(), COLUMN() + 'Set+Main'!$L$1)))","Chaos Jazz, Freedom Blues",,,,"=TEXTJOIN("", "", TRUE, INDIRECT(ADDRESS(ROW(), COLUMN() + 1)):INDIRECT(ADDRESS(ROW(), COLUMN() + 'Set+Main'!$L$1)))","Chaos Jazz, Freedom Blues, Puffer Electro, Thunder Metal, Astral Voice, Hormone Punk",,,,"=TEXTJOIN("", "", TRUE, INDIRECT(ADDRESS(ROW(), COLUMN() + 1)):INDIRECT(ADDRESS(ROW(), COLUMN() + 'Set+Main'!$L$1)))",Chaos Jazz,,,,Freedom Blues,,,,"Freedom Blues, Puffer Electro, Thunder Metal, Astral Voice, Hormone Punk",,,
Ye Shunguang,ATK% > CRIT DMG%,PEN Ratio% = ATK%,ATK%,CRIT DMG = CRIT Rate > ATK% > PEN > ATK,"=SWITCH('Set+Main'!$L$2, ""Recommended"", INDIRECT(ADDRESS(ROW(), 7)), ""All"", INDIRECT(ADDRESS(ROW(), 12)), ""None"", INDIRECT(ADDRESS(ROW(), 17)))","=TEXTJOIN("", "", TRUE, INDIRECT(ADDRESS(ROW(), COLUMN() + 1)):INDIRECT(ADDRESS(ROW(), COLUMN() + 'Set+Main'!$L$1)))","White Water Ballad, Branch & Blade Song",,,,"=TEXTJOIN("", "", TRUE, INDIRECT(ADDRESS(ROW(), COLUMN() + 1)):INDIRECT(ADDRESS(ROW(), COLUMN() + 'Set+Main'!$L$1)))","White Water Ballad, Branch & Blade Song, Puffer Electro, Astral Voice, Hormone Punk, Fanged Metal, Woodpecker Electro",,,,"=TEXTJOIN("", "", TRUE, INDIRECT(ADDRESS(ROW(), COLUMN() + 1)):INDIRECT(ADDRESS(ROW(), COLUMN() + 'Set+Main'!$L$1)))",White Water Ballad,,,,Branch & Blade Song,,,,"Branch & Blade Song, Puffer Electro, Astral Voice, Hormone Punk, Fanged Metal, Woodpecker Electro",,,
Yidhari,CRIT Rate% = CRIT DMG%,Ice DMG% > HP%,HP%,CRIT Rate = CRIT DMG > HP% > ATK% = Flat HP,"=SWITCH('Set+Main'!$L$2, ""Recommended"", INDIRECT(ADDRESS(ROW(), 7)), ""All"", INDIRECT(ADDRESS(ROW(), 12)), ""None"", INDIRECT(ADDRESS(ROW(), 17)))","=TEXTJOIN("", "", TRUE, INDIRECT(ADDRESS(ROW(), COLUMN() + 1)):INDIRECT(ADDRESS(ROW(), COLUMN() + 'Set+Main'!$L$1)))","Yunkui Tales, Woodpecker Electro",,,,"=TEXTJOIN("", "", TRUE, INDIRECT(ADDRESS(ROW(), COLUMN() + 1)):INDIRECT(ADDRESS(ROW(), COLUMN() + 'Set+Main'!$L$1)))","Yunkui Tales, Woodpecker Electro, Branch & Blade Song",,,,"=TEXTJOIN("", "", TRUE, INDIRECT(ADDRESS(ROW(), COLUMN() + 1)):INDIRECT(ADDRESS(ROW(), COLUMN() + 'Set+Main'!$L$1)))",Yunkui Tales,,,,Woodpecker Electro,,,,"Woodpecker Electro, Branch & Blade Song",,,
Yixuan,CRIT DMG% = CRIT Rate%,Ether DMG% > HP%,HP%,CRIT Rate = CRIT DMG > HP% > ATK% > Flat HP,"=SWITCH('Set+Main'!$L$2, ""Recommended"", INDIRECT(ADDRESS(ROW(), 7)), ""All"", INDIRECT(ADDRESS(ROW(), 12)), ""None"", INDIRECT(ADDRESS(ROW(), 17)))","=TEXTJOIN("", "", TRUE, INDIRECT(ADDRESS(ROW(), COLUMN() + 1)):INDIRECT(ADDRESS(ROW(), COLUMN() + 'Set+Main'!$L$1)))","Yunkui Tales, Woodpecker Electro",,,,"=TEXTJOIN("", "", TRUE, INDIRECT(ADDRESS(ROW(), COLUMN() + 1)):INDIRECT(ADDRESS(ROW(), COLUMN() + 'Set+Main'!$L$1)))","Yunkui Tales, Woodpecker Electro, Branch & Blade Song",,,,"=TEXTJOIN("", "", TRUE, INDIRECT(ADDRESS(ROW(), COLUMN() + 1)):INDIRECT(ADDRESS(ROW(), COLUMN() + 'Set+Main'!$L$1)))",Yunkui Tales,,,,Woodpecker Electro,,,,"Woodpecker Electro, Branch & Blade Song",,,
Yuzuha,ATK% >= Anomaly Proficiency,ATK% >= PEN Ratio%,Anomaly Mastery = ATK%,"ATK% > ATK (until 3000) > Anomaly Proficiency > CRIT Rate = CRIT DMG > PEN, ATK% > ATK (until 3000) > Anomaly Proficiency > PEN","=SWITCH('Set+Main'!$L$2, ""Recommended"", INDIRECT(ADDRESS(ROW(), 7)), ""All"", INDIRECT(ADDRESS(ROW(), 12)), ""None"", INDIRECT(ADDRESS(ROW(), 17)))","=TEXTJOIN("", "", TRUE, INDIRECT(ADDRESS(ROW(), COLUMN() + 1)):INDIRECT(ADDRESS(ROW(), COLUMN() + 'Set+Main'!$L$1)))","Moonlight Lullaby, Phaethon's Melody","Astral Voice, Phaethon's Melody","Swing Jazz, Phaethon's Melody",,"=TEXTJOIN("", "", TRUE, INDIRECT(ADDRESS(ROW(), COLUMN() + 1)):INDIRECT(ADDRESS(ROW(), COLUMN() + 'Set+Main'!$L$1)))","Moonlight Lullaby, Phaethon's Melody, Astral Voice, Hormone Punk, Chaos Jazz, Freedom Blues","Astral Voice, Phaethon's Melody, Hormone Punk, Chaos Jazz, Freedom Blues","Swing Jazz, Phaethon's Melody, Astral Voice, Hormone Punk, Chaos Jazz, Freedom Blues",,"=TEXTJOIN("", "", TRUE, INDIRECT(ADDRESS(ROW(), COLUMN() + 1)):INDIRECT(ADDRESS(ROW(), COLUMN() + 'Set+Main'!$L$1)))",Moonlight Lullaby,Astral Voice,Swing Jazz,,Phaethon's Melody,Phaethon's Melody,Phaethon's Melody,,"Phaethon's Melody, Astral Voice, Hormone Punk, Chaos Jazz, Freedom Blues","Phaethon's Melody, Hormone Punk, Chaos Jazz, Freedom Blues","Phaethon's Melody, Astral Voice, Hormone Punk, Chaos Jazz, Freedom Blues",
Zhao,HP%,HP%,Energy Regen,HP% (Until 27000 Initial HP) > Flat HP (Until 27000 Initial HP) > Crit Rate = Crit DMG,"=SWITCH('Set+Main'!$L$2, ""Recommended"", INDIRECT(ADDRESS(ROW(), 7)), ""All"", INDIRECT(ADDRESS(ROW(), 12)), ""None"", INDIRECT(ADDRESS(ROW(), 17)))","=TEXTJOIN("", "", TRUE, INDIRECT(ADDRESS(ROW(), COLUMN() + 1)):INDIRECT(ADDRESS(ROW(), COLUMN() + 'Set+Main'!$L$1)))","Astral Voice, Moonlight Lullaby, Swing Jazz","Proto Punk, Moonlight Lullaby, Swing Jazz",,,"=TEXTJOIN("", "", TRUE, INDIRECT(ADDRESS(ROW(), COLUMN() + 1)):INDIRECT(ADDRESS(ROW(), COLUMN() + 'Set+Main'!$L$1)))","Astral Voice, Moonlight Lullaby, Swing Jazz, Yunkui Tales","Proto Punk, Moonlight Lullaby, Swing Jazz, Yunkui Tales",,,"=TEXTJOIN("", "", TRUE, INDIRECT(ADDRESS(ROW(), COLUMN() + 1)):INDIRECT(ADDRESS(ROW(), COLUMN() + 'Set+Main'!$L$1)))",Astral Voice,Proto Punk,,,"Moonlight Lullaby, Swing Jazz","Moonlight Lullaby, Swing Jazz",,,"Moonlight Lullaby, Swing Jazz, Yunkui Tales","Moonlight Lullaby, Swing Jazz, Yunkui Tales",,
Zhu Yuan,CRIT DMG% = CRIT Rate%,ATK% > Ether DMG% = PEN Ratio%,ATK%,CRIT RATE = CRIT DMG = ATK% > PEN > ATK,"=SWITCH('Set+Main'!$L$2, ""Recommended"", INDIRECT(ADDRESS(ROW(), 7)), ""All"", INDIRECT(ADDRESS(ROW(), 12)), ""None"", INDIRECT(ADDRESS(ROW(), 17)))","=TEXTJOIN("", "", TRUE, INDIRECT(ADDRESS(ROW(), COLUMN() + 1)):INDIRECT(ADDRESS(ROW(), COLUMN() + 'Set+Main'!$L$1)))","Chaotic Metal, Woodpecker Electro","Puffer Electro, Woodpecker Electro","Woodpecker Electro, Branch & Blade Song",,"=TEXTJOIN("", "", TRUE, INDIRECT(ADDRESS(ROW(), COLUMN() + 1)):INDIRECT(ADDRESS(ROW(), COLUMN() + 'Set+Main'!$L$1)))","Chaotic Metal, Woodpecker Electro, Astral Voice, Hormone Punk, Branch & Blade Song, Dawn's Bloom","Puffer Electro, Woodpecker Electro, Branch & Blade Song, Astral Voice, Hormone Punk, Chaotic Metal","Woodpecker Electro, Branch & Blade Song, Chaotic Metal, Astral Voice, Hormone Punk, Dawn's Bloom",,"=TEXTJOIN("", "", TRUE, INDIRECT(ADDRESS(ROW(), COLUMN() + 1)):INDIRECT(ADDRESS(ROW(), COLUMN() + 'Set+Main'!$L$1)))",Chaotic Metal,Puffer Electro,Woodpecker Electro,,Woodpecker Electro,Woodpecker Electro,Branch & Blade Song,,"Woodpecker Electro, Astral Voice, Hormone Punk, Branch & Blade Song, Dawn's Bloom","Woodpecker Electro, Branch & Blade Song, Astral Voice, Hormone Punk, Chaotic Metal","Branch & Blade Song, Chaotic Metal, Astral Voice, Hormone Punk, Dawn's Bloom",
